{"cameraMode":{"drawMode":0,"name":"Shaded","section":"Shading Mode"},"sceneLighting":true,"audioPlay":false,"sceneViewState":{"m_AlwaysRefresh":false,"showFog":true,"showSkybox":true,"showFlares":true,"showImageEffects":true,"showParticleSystems":true,"showVisualEffectGraphs":true,"m_FxEnabled":true},"in2DMode":false,"pivot":{"x":29.788511276245118,"y":21.964576721191408,"z":27.431493759155275},"rotation":{"x":0.18308372795581819,"y":-0.8168115615844727,"z":0.37986448407173159,"w":0.3936588168144226},"size":22.08478546142578,"orthographic":false}